rent_sno,date,value
1,2021-11-01,620
1,2021-11-02,577
1,2021-11-03,568
1,2021-11-04,632
1,2021-11-05,752
1,2021-11-06,631
1,2021-11-07,546
1,2021-11-08,402
1,2021-11-09,583
1,2021-11-10,586
1,2021-11-11,694
1,2021-11-12,521
1,2021-11-13,399
1,2021-11-14,512
1,2021-11-15,647
1,2021-11-16,685
1,2021-11-17,614
1,2021-11-18,508
1,2021-11-19,667
1,2021-11-20,419
1,2021-11-21,583
1,2021-11-22,426
1,2021-11-23,264
1,2021-11-24,591
1,2021-11-25,471
1,2021-11-26,254
1,2021-11-27,158
1,2021-11-28,486
1,2021-11-29,599
1,2021-11-30,458
2,2021-11-01,493
2,2021-11-02,477
2,2021-11-03,486
2,2021-11-04,547
2,2021-11-05,586
2,2021-11-06,429
2,2021-11-07,378
2,2021-11-08,353
2,2021-11-09,499
2,2021-11-10,485
2,2021-11-11,507
2,2021-11-12,451
2,2021-11-13,290
2,2021-11-14,323
2,2021-11-15,536
2,2021-11-16,513
2,2021-11-17,555
2,2021-11-18,440
2,2021-11-19,520
2,2021-11-20,254
2,2021-11-21,316
2,2021-11-22,330
2,2021-11-23,255
2,2021-11-24,409
2,2021-11-25,307
2,2021-11-26,197
2,2021-11-27,95
2,2021-11-28,270
2,2021-11-29,404
2,2021-11-30,344
3,2021-11-01,174
3,2021-11-02,165
3,2021-11-03,135
3,2021-11-04,177
3,2021-11-05,173
3,2021-11-06,108
3,2021-11-07,91
3,2021-11-08,86
3,2021-11-09,143
3,2021-11-10,149
3,2021-11-11,159
3,2021-11-12,129
3,2021-11-13,49
3,2021-11-14,69
3,2021-11-15,137
3,2021-11-16,156
3,2021-11-17,152
3,2021-11-18,118
3,2021-11-19,170
3,2021-11-20,78
3,2021-11-21,94
3,2021-11-22,101
3,2021-11-23,69
3,2021-11-24,141
3,2021-11-25,105
3,2021-11-26,46
3,2021-11-27,24
3,2021-11-28,56
3,2021-11-29,138
3,2021-11-30,121
4,2021-11-01,81
4,2021-11-02,80
4,2021-11-03,80
4,2021-11-04,96
4,2021-11-05,101
4,2021-11-06,58
4,2021-11-07,53
4,2021-11-08,50
4,2021-11-09,67
4,2021-11-10,92
4,2021-11-11,87
4,2021-11-12,56
4,2021-11-13,31
4,2021-11-14,52
4,2021-11-15,80
4,2021-11-16,84
4,2021-11-17,83
4,2021-11-18,61
4,2021-11-19,83
4,2021-11-20,35
4,2021-11-21,49
4,2021-11-22,52
4,2021-11-23,50
4,2021-11-24,65
4,2021-11-25,67
4,2021-11-26,43
4,2021-11-27,18
4,2021-11-28,52
4,2021-11-29,90
4,2021-11-30,58
5,2021-11-01,449
5,2021-11-02,508
5,2021-11-03,425
5,2021-11-04,498
5,2021-11-05,467
5,2021-11-06,340
5,2021-11-07,334
5,2021-11-08,312
5,2021-11-09,439
5,2021-11-10,443
5,2021-11-11,475
5,2021-11-12,383
5,2021-11-13,194
5,2021-11-14,270
5,2021-11-15,497
5,2021-11-16,481
5,2021-11-17,490
5,2021-11-18,418
5,2021-11-19,461
5,2021-11-20,240
5,2021-11-21,281
5,2021-11-22,380
5,2021-11-23,238
5,2021-11-24,446
5,2021-11-25,348
5,2021-11-26,206
5,2021-11-27,89
5,2021-11-28,267
5,2021-11-29,431
5,2021-11-30,395
6,2021-11-01,282
6,2021-11-02,291
6,2021-11-03,312
6,2021-11-04,336
6,2021-11-05,400
6,2021-11-06,324
6,2021-11-07,270
6,2021-11-08,148
6,2021-11-09,291
6,2021-11-10,299
6,2021-11-11,302
6,2021-11-12,262
6,2021-11-13,207
6,2021-11-14,264
6,2021-11-15,312
6,2021-11-16,299
6,2021-11-17,291
6,2021-11-18,232
6,2021-11-19,325
6,2021-11-20,182
6,2021-11-21,301
6,2021-11-22,180
6,2021-11-23,133
6,2021-11-24,284
6,2021-11-25,187
6,2021-11-26,156
6,2021-11-27,109
6,2021-11-28,218
6,2021-11-29,286
6,2021-11-30,188
7,2021-11-01,273
7,2021-11-02,235
7,2021-11-03,274
7,2021-11-04,215
7,2021-11-05,271
7,2021-11-06,216
7,2021-11-07,216
7,2021-11-08,131
7,2021-11-09,238
7,2021-11-10,253
7,2021-11-11,265
7,2021-11-12,150
7,2021-11-13,126
7,2021-11-14,202
7,2021-11-15,334
7,2021-11-16,282
7,2021-11-17,271
7,2021-11-18,186
7,2021-11-19,220
7,2021-11-20,115
7,2021-11-21,225
7,2021-11-22,147
7,2021-11-23,119
7,2021-11-24,214
7,2021-11-25,231
7,2021-11-26,108
7,2021-11-27,64
7,2021-11-28,214
7,2021-11-29,289
7,2021-11-30,211
8,2021-11-01,74
8,2021-11-02,91
8,2021-11-03,64
8,2021-11-04,75
8,2021-11-05,98
8,2021-11-06,60
8,2021-11-07,71
8,2021-11-08,39
8,2021-11-09,76
8,2021-11-10,83
8,2021-11-11,72
8,2021-11-12,53
8,2021-11-13,38
8,2021-11-14,54
8,2021-11-15,95
8,2021-11-16,88
8,2021-11-17,87
8,2021-11-18,63
8,2021-11-19,85
8,2021-11-20,31
8,2021-11-21,73
8,2021-11-22,64
8,2021-11-23,37
8,2021-11-24,76
8,2021-11-25,64
8,2021-11-26,34
8,2021-11-27,28
8,2021-11-28,58
8,2021-11-29,98
8,2021-11-30,51
9,2021-11-01,141
9,2021-11-02,155
9,2021-11-03,148
9,2021-11-04,124
9,2021-11-05,149
9,2021-11-06,94
9,2021-11-07,87
9,2021-11-08,93
9,2021-11-09,146
9,2021-11-10,134
9,2021-11-11,149
9,2021-11-12,99
9,2021-11-13,52
9,2021-11-14,83
9,2021-11-15,152
9,2021-11-16,157
9,2021-11-17,166
9,2021-11-18,132
9,2021-11-19,165
9,2021-11-20,61
9,2021-11-21,100
9,2021-11-22,107
9,2021-11-23,68
9,2021-11-24,139
9,2021-11-25,131
9,2021-11-26,53
9,2021-11-27,26
9,2021-11-28,78
9,2021-11-29,155
9,2021-11-30,113
10,2021-11-01,344
10,2021-11-02,277
10,2021-11-03,259
10,2021-11-04,284
10,2021-11-05,325
10,2021-11-06,283
10,2021-11-07,245
10,2021-11-08,217
10,2021-11-09,253
10,2021-11-10,266
10,2021-11-11,330
10,2021-11-12,236
10,2021-11-13,171
10,2021-11-14,202
10,2021-11-15,325
10,2021-11-16,320
10,2021-11-17,329
10,2021-11-18,244
10,2021-11-19,301
10,2021-11-20,176
10,2021-11-21,266
10,2021-11-22,235
10,2021-11-23,122
10,2021-11-24,274
10,2021-11-25,279
10,2021-11-26,118
10,2021-11-27,72
10,2021-11-28,241
10,2021-11-29,297
10,2021-11-30,210
11,2021-11-01,208
11,2021-11-02,197
11,2021-11-03,184
11,2021-11-04,222
11,2021-11-05,209
11,2021-11-06,190
11,2021-11-07,150
11,2021-11-08,134
11,2021-11-09,201
11,2021-11-10,175
11,2021-11-11,176
11,2021-11-12,165
11,2021-11-13,132
11,2021-11-14,154
11,2021-11-15,207
11,2021-11-16,221
11,2021-11-17,220
11,2021-11-18,178
11,2021-11-19,220
11,2021-11-20,105
11,2021-11-21,149
11,2021-11-22,142
11,2021-11-23,101
11,2021-11-24,190
11,2021-11-25,137
11,2021-11-26,88
11,2021-11-27,49
11,2021-11-28,129
11,2021-11-29,194
11,2021-11-30,154
12,2021-11-01,352
12,2021-11-02,409
12,2021-11-03,385
12,2021-11-04,376
12,2021-11-05,418
12,2021-11-06,260
12,2021-11-07,202
12,2021-11-08,242
12,2021-11-09,370
12,2021-11-10,385
12,2021-11-11,390
12,2021-11-12,295
12,2021-11-13,152
12,2021-11-14,158
12,2021-11-15,364
12,2021-11-16,382
12,2021-11-17,386
12,2021-11-18,298
12,2021-11-19,398
12,2021-11-20,146
12,2021-11-21,200
12,2021-11-22,304
12,2021-11-23,228
12,2021-11-24,378
12,2021-11-25,333
12,2021-11-26,178
12,2021-11-27,76
12,2021-11-28,220
12,2021-11-29,352
12,2021-11-30,348
13,2021-11-01,100
13,2021-11-02,124
13,2021-11-03,124
13,2021-11-04,128
13,2021-11-05,152
13,2021-11-06,144
13,2021-11-07,130
13,2021-11-08,73
13,2021-11-09,115
13,2021-11-10,136
13,2021-11-11,141
13,2021-11-12,85
13,2021-11-13,88
13,2021-11-14,114
13,2021-11-15,123
13,2021-11-16,123
13,2021-11-17,110
13,2021-11-18,82
13,2021-11-19,120
13,2021-11-20,74
13,2021-11-21,117
13,2021-11-22,79
13,2021-11-23,59
13,2021-11-24,109
13,2021-11-25,103
13,2021-11-26,42
13,2021-11-27,39
13,2021-11-28,101
13,2021-11-29,97
13,2021-11-30,104
14,2021-11-01,180
14,2021-11-02,206
14,2021-11-03,186
14,2021-11-04,178
14,2021-11-05,225
14,2021-11-06,209
14,2021-11-07,228
14,2021-11-08,116
14,2021-11-09,229
14,2021-11-10,193
14,2021-11-11,208
14,2021-11-12,176
14,2021-11-13,172
14,2021-11-14,151
14,2021-11-15,187
14,2021-11-16,214
14,2021-11-17,206
14,2021-11-18,170
14,2021-11-19,186
14,2021-11-20,154
14,2021-11-21,236
14,2021-11-22,138
14,2021-11-23,127
14,2021-11-24,190
14,2021-11-25,187
14,2021-11-26,133
14,2021-11-27,54
14,2021-11-28,171
14,2021-11-29,149
14,2021-11-30,177
16,2021-11-01,131
16,2021-11-02,118
16,2021-11-03,108
16,2021-11-04,99
16,2021-11-05,135
16,2021-11-06,132
16,2021-11-07,96
16,2021-11-08,77
16,2021-11-09,115
16,2021-11-10,130
16,2021-11-11,93
16,2021-11-12,91
16,2021-11-13,57
16,2021-11-14,91
16,2021-11-15,119
16,2021-11-16,86
16,2021-11-17,110
16,2021-11-18,68
16,2021-11-19,85
16,2021-11-20,39
16,2021-11-21,78
16,2021-11-22,81
16,2021-11-23,43
16,2021-11-24,80
16,2021-11-25,76
16,2021-11-26,42
16,2021-11-27,22
16,2021-11-28,62
16,2021-11-29,93
16,2021-11-30,93
18,2021-11-01,196
18,2021-11-02,177
18,2021-11-03,160
18,2021-11-04,171
18,2021-11-05,216
18,2021-11-06,141
18,2021-11-07,155
18,2021-11-08,116
18,2021-11-09,184
18,2021-11-10,156
18,2021-11-11,195
18,2021-11-12,116
18,2021-11-13,95
18,2021-11-14,136
18,2021-11-15,174
18,2021-11-16,205
18,2021-11-17,169
18,2021-11-18,128
18,2021-11-19,204
18,2021-11-20,98
18,2021-11-21,143
18,2021-11-22,113
18,2021-11-23,95
18,2021-11-24,151
18,2021-11-25,147
18,2021-11-26,94
18,2021-11-27,24
18,2021-11-28,118
18,2021-11-29,155
18,2021-11-30,123
19,2021-11-01,146
19,2021-11-02,173
19,2021-11-03,137
19,2021-11-04,162
19,2021-11-05,156
19,2021-11-06,159
19,2021-11-07,164
19,2021-11-08,60
19,2021-11-09,148
19,2021-11-10,170
19,2021-11-11,146
19,2021-11-12,103
19,2021-11-13,65
19,2021-11-14,139
19,2021-11-15,157
19,2021-11-16,143
19,2021-11-17,146
19,2021-11-18,100
19,2021-11-19,132
19,2021-11-20,90
19,2021-11-21,157
19,2021-11-22,86
19,2021-11-23,52
19,2021-11-24,154
19,2021-11-25,122
19,2021-11-26,48
19,2021-11-27,21
19,2021-11-28,102
19,2021-11-29,148
19,2021-11-30,95
21,2021-11-01,188
21,2021-11-02,171
21,2021-11-03,189
21,2021-11-04,186
21,2021-11-05,220
21,2021-11-06,122
21,2021-11-07,98
21,2021-11-08,105
21,2021-11-09,189
21,2021-11-10,161
21,2021-11-11,197
21,2021-11-12,117
21,2021-11-13,71
21,2021-11-14,94
21,2021-11-15,176
21,2021-11-16,181
21,2021-11-17,172
21,2021-11-18,129
21,2021-11-19,168
21,2021-11-20,73
21,2021-11-21,94
21,2021-11-22,128
21,2021-11-23,115
21,2021-11-24,179
21,2021-11-25,175
21,2021-11-26,98
21,2021-11-27,28
21,2021-11-28,85
21,2021-11-29,182
21,2021-11-30,151
22,2021-11-01,302
22,2021-11-02,261
22,2021-11-03,256
22,2021-11-04,282
22,2021-11-05,316
22,2021-11-06,230
22,2021-11-07,234
22,2021-11-08,187
22,2021-11-09,259
22,2021-11-10,254
22,2021-11-11,264
22,2021-11-12,215
22,2021-11-13,146
22,2021-11-14,203
22,2021-11-15,290
22,2021-11-16,279
22,2021-11-17,263
22,2021-11-18,210
22,2021-11-19,237
22,2021-11-20,131
22,2021-11-21,235
22,2021-11-22,200
22,2021-11-23,130
22,2021-11-24,230
22,2021-11-25,183
22,2021-11-26,158
22,2021-11-27,54
22,2021-11-28,172
22,2021-11-29,274
22,2021-11-30,198
